{
  "old": {
    "n_bootstrap": 5000,
    "point": {
      "n": 82,
      "mae_cm": 41.757666425007145,
      "rmse_cm": 51.871575698605945,
      "median_abs_error_cm": 37.2761344909668,
      "mape_percent": 53.99633620014306
    },
    "mae_cm": {
      "mean": 41.74821193054944,
      "ci95_low": 35.30074427534894,
      "ci95_high": 48.78911970882881
    },
    "rmse_cm": {
      "mean": 51.7222467380947,
      "ci95_low": 44.56978539748774,
      "ci95_high": 59.210059427426046
    },
    "mape_percent": {
      "mean": 53.97414128158046,
      "ci95_low": 41.74644314537638,
      "ci95_high": 67.98665884022553
    }
  },
  "cls": {
    "n_bootstrap": 5000,
    "point": {
      "n": 82,
      "mae_cm": 45.86054881026105,
      "rmse_cm": 57.243936149588215,
      "median_abs_error_cm": 38.476837158203125,
      "mape_percent": 59.60922918164561
    },
    "mae_cm": {
      "mean": 45.847912700764724,
      "ci95_low": 38.49587014593729,
      "ci95_high": 53.2417060200761
    },
    "rmse_cm": {
      "mean": 57.10283962115173,
      "ci95_low": 49.11286496421926,
      "ci95_high": 64.95960366528912
    },
    "mape_percent": {
      "mean": 59.61730629895886,
      "ci95_low": 46.14941297390861,
      "ci95_high": 75.38243467017168
    }
  },
  "patch_mean": {
    "n_bootstrap": 5000,
    "point": {
      "n": 82,
      "mae_cm": 33.53448021121142,
      "rmse_cm": 43.71926913925454,
      "median_abs_error_cm": 26.870895385742188,
      "mape_percent": 41.71875483679212
    },
    "mae_cm": {
      "mean": 33.56391251215121,
      "ci95_low": 27.862648715042486,
      "ci95_high": 39.925096428103565
    },
    "rmse_cm": {
      "mean": 43.521570478949734,
      "ci95_low": 35.705651983733055,
      "ci95_high": 52.091769631897826
    },
    "mape_percent": {
      "mean": 41.79648194336005,
      "ci95_low": 32.41299413857661,
      "ci95_high": 52.936195785583514
    }
  },
  "attn": {
    "n_bootstrap": 5000,
    "point": {
      "n": 82,
      "mae_cm": 30.407656506794254,
      "rmse_cm": 39.661642322493584,
      "median_abs_error_cm": 22.771324157714844,
      "mape_percent": 37.54911109499277
    },
    "mae_cm": {
      "mean": 30.423682741453593,
      "ci95_low": 25.09788218242366,
      "ci95_high": 36.038574332725695
    },
    "rmse_cm": {
      "mean": 39.45773741157906,
      "ci95_low": 31.880692766484977,
      "ci95_high": 47.47298853207802
    },
    "mape_percent": {
      "mean": 37.54705116020687,
      "ci95_low": 28.23485506815089,
      "ci95_high": 48.21361427877128
    }
  },
  "corrected_camheight": {
    "n_bootstrap": 5000,
    "point": {
      "n": 82,
      "mae_cm": 30.374317355272247,
      "rmse_cm": 39.62204688393202,
      "median_abs_error_cm": 22.082660675048828,
      "mape_percent": 37.51131164135716
    },
    "mae_cm": {
      "mean": 30.42050271881848,
      "ci95_low": 25.256079576073624,
      "ci95_high": 36.16947261065971
    },
    "rmse_cm": {
      "mean": 39.462275408711776,
      "ci95_low": 31.951231421420193,
      "ci95_high": 47.29946090452511
    },
    "mape_percent": {
      "mean": 37.55326224516255,
      "ci95_low": 28.42348527571179,
      "ci95_high": 48.37678416056232
    }
  },
  "attn_aug": {
    "n_bootstrap": 5000,
    "point": {
      "n": 82,
      "mae_cm": 29.894323581602514,
      "rmse_cm": 39.13340090334017,
      "median_abs_error_cm": 23.77184295654297,
      "mape_percent": 36.59213690089864
    },
    "mae_cm": {
      "mean": 29.894031294287707,
      "ci95_low": 24.681166923336868,
      "ci95_high": 35.51868914394844
    },
    "rmse_cm": {
      "mean": 38.95133621993019,
      "ci95_low": 31.677163744446627,
      "ci95_high": 46.913908583515855
    },
    "mape_percent": {
      "mean": 36.61826621244664,
      "ci95_low": 27.943617201624342,
      "ci95_high": 47.172050430727694
    }
  },
  "attn_aug_featurealign": {
    "n_bootstrap": 5000,
    "point": {
      "n": 82,
      "mae_cm": 45.97980638829673,
      "rmse_cm": 59.48285494381053,
      "median_abs_error_cm": 36.74492645263672,
      "mape_percent": 56.78748255490139
    },
    "mae_cm": {
      "mean": 45.91036193214975,
      "ci95_low": 37.84380990935535,
      "ci95_high": 54.23245787039035
    },
    "rmse_cm": {
      "mean": 59.265607708041976,
      "ci95_low": 49.72060811530268,
      "ci95_high": 68.45204652382786
    },
    "mape_percent": {
      "mean": 56.630679153178484,
      "ci95_low": 43.5895180981615,
      "ci95_high": 71.62408547636241
    }
  },
  "attn_aug_tta8": {
    "n_bootstrap": 5000,
    "point": {
      "n": 82,
      "mae_cm": 29.573550898854325,
      "rmse_cm": 38.97683219161265,
      "median_abs_error_cm": 23.64422082901001,
      "mape_percent": 36.13797231033507
    },
    "mae_cm": {
      "mean": 29.63755727410665,
      "ci95_low": 24.588778659483282,
      "ci95_high": 35.37058430881034
    },
    "rmse_cm": {
      "mean": 38.888292625814266,
      "ci95_low": 31.482931240739255,
      "ci95_high": 47.36166548607985
    },
    "mape_percent": {
      "mean": 36.23287922205973,
      "ci95_low": 27.59022031934307,
      "ci95_high": 46.86826506925233
    }
  }
}
