{
  "<80": {
    "n_bootstrap": 5000,
    "point": {
      "n": 32,
      "mae_cm": 31.804688274860382,
      "rmse_cm": 43.83257234710048,
      "median_abs_error_cm": 21.654460906982422,
      "mape_percent": 55.1059865051307
    },
    "mae_cm": {
      "mean": 31.827256966656446,
      "ci95_low": 22.411109997332098,
      "ci95_high": 43.08527931943534
    },
    "rmse_cm": {
      "mean": 43.1408485103079,
      "ci95_low": 28.820277812892872,
      "ci95_high": 59.04937232563145
    },
    "mape_percent": {
      "mean": 55.06428733143778,
      "ci95_low": 36.026768890707636,
      "ci95_high": 78.34585309043337
    }
  },
  "80-120": {
    "n_bootstrap": 5000,
    "point": {
      "n": 17,
      "mae_cm": 35.83630343044506,
      "rmse_cm": 45.36813872961333,
      "median_abs_error_cm": 27.250351905822754,
      "mape_percent": 37.73789771921812
    },
    "mae_cm": {
      "mean": 35.90813068612043,
      "ci95_low": 23.37676513054792,
      "ci95_high": 49.47424702223607
    },
    "rmse_cm": {
      "mean": 44.77762426509201,
      "ci95_low": 28.87463886605401,
      "ci95_high": 60.05991115593653
    },
    "mape_percent": {
      "mean": 37.81218846748833,
      "ci95_low": 24.815201082373402,
      "ci95_high": 51.69502288665022
    }
  },
  "120-160": {
    "n_bootstrap": 5000,
    "point": {
      "n": 27,
      "mae_cm": 22.646728974801523,
      "rmse_cm": 26.869662076169043,
      "median_abs_error_cm": 19.789600372314453,
      "mape_percent": 16.788289566220314
    },
    "mae_cm": {
      "mean": 22.669966930297566,
      "ci95_low": 17.374284152631407,
      "ci95_high": 28.209745000909873
    },
    "rmse_cm": {
      "mean": 26.725498756433414,
      "ci95_low": 21.01601675414782,
      "ci95_high": 32.32742647100392
    },
    "mape_percent": {
      "mean": 16.80198088761529,
      "ci95_low": 12.953323465310733,
      "ci95_high": 20.831535595929292
    }
  },
  ">=160": {
    "n_bootstrap": 5000,
    "point": {
      "n": 6,
      "mae_cm": 31.10038471221924,
      "rmse_cm": 37.87800543413879,
      "median_abs_error_cm": 33.294538497924805,
      "mape_percent": 17.515680294772846
    },
    "mae_cm": {
      "mean": 31.279805491447448,
      "ci95_low": 13.63278579711914,
      "ci95_high": 48.046186129252085
    },
    "rmse_cm": {
      "mean": 37.31033540651592,
      "ci95_low": 20.514834783398005,
      "ci95_high": 49.87150762748678
    },
    "mape_percent": {
      "mean": 17.616274991822063,
      "ci95_low": 7.74597652925393,
      "ci95_high": 27.006630443481374
    }
  }
}
